window_id,date,step,prediction_price,actual_price,prediction_return,actual_return,start_idx,end_idx
1,2023-05-11,1,189.85,189.85000610351562,,,0,679
1,2023-05-12,2,189.32303,189.85000610351562,,,0,679
1,2023-05-13,3,189.32303,189.85000610351562,,,0,679
1,2023-05-14,4,189.32303,189.25,,,0,679
1,2023-05-15,5,188.02219,190.64999389648438,,,0,679
1,2023-05-16,6,187.66211,189.1999969482422,,,0,679
1,2023-05-17,7,187.7548,186.3999786376953,,,0,679
1,2023-05-18,8,188.55673,191.0,,,0,679
1,2023-05-19,9,191.75659,191.0,,,0,679
1,2023-05-20,10,191.75659,191.0,,,0,679
1,2023-05-21,11,191.75659,186.8999786376953,,,0,679
1,2023-05-22,12,196.9535,188.0,,,0,679
1,2023-05-23,13,197.3296,187.44998168945312,,,0,679
1,2023-05-24,14,197.1853,185.8000030517578,,,0,679
1,2023-05-25,15,197.38057,186.0,,,0,679
1,2023-05-26,16,197.80052,186.0,,,0,679
1,2023-05-27,17,197.80052,186.0,,,0,679
1,2023-05-28,18,197.80052,193.04998779296875,,,0,679
1,2023-05-29,19,198.76894,190.35000610351562,,,0,679
1,2023-05-30,20,199.17783,189.85000610351562,,,0,679
1,2023-05-31,21,200.16444,190.4499969482422,,,0,679
1,2023-06-01,22,201.24254,191.99998474121094,,,0,679
1,2023-06-02,23,202.24774,191.99998474121094,,,0,679
1,2023-06-03,24,202.24774,191.99998474121094,,,0,679
1,2023-06-04,25,202.24774,189.1999969482422,,,0,679
1,2023-06-05,26,201.917,187.44998168945312,,,0,679
1,2023-06-06,27,201.33887,188.0,,,0,679
1,2023-06-07,28,200.15733,182.6999969482422,,,0,679
1,2023-06-08,29,200.34569,181.60000610351562,,,0,679
1,2023-06-09,30,200.88408,181.60000610351562,,,0,679
1,2023-06-10,31,200.88408,181.60000610351562,,,0,679
1,2023-06-11,32,200.88408,181.60000610351562,,,0,679
1,2023-06-12,33,198.54776,177.09999084472656,,,0,679
1,2023-06-13,34,196.836,178.64999389648438,,,0,679
1,2023-06-14,35,197.73672,183.0500030517578,,,0,679
1,2023-06-15,36,197.66322,180.3000030517578,,,0,679
1,2023-06-16,37,198.44928,180.3000030517578,,,0,679
1,2023-06-17,38,198.44928,180.3000030517578,,,0,679
1,2023-06-18,39,198.44928,183.09999084472656,,,0,679
1,2023-06-19,40,196.3484,182.59999084472656,,,0,679
1,2023-06-20,41,200.75122,185.39999389648438,,,0,679
1,2023-06-21,42,208.21394,194.85000610351562,,,0,679
1,2023-06-22,43,211.31392,190.64999389648438,,,0,679
1,2023-06-23,44,212.30637,190.64999389648438,,,0,679
1,2023-06-24,45,212.30637,190.64999389648438,,,0,679
1,2023-06-25,46,212.30637,185.5500030517578,,,0,679
1,2023-06-26,47,209.85307,182.75,,,0,679
1,2023-06-27,48,208.12312,184.39999389648438,,,0,679
1,2023-06-28,49,205.84988,186.99998474121094,,,0,679
1,2023-06-29,50,202.32779,184.89999389648438,,,0,679
1,2023-06-30,51,198.61035,184.89999389648438,,,0,679
1,2023-07-01,52,198.61035,184.89999389648438,,,0,679
1,2023-07-02,53,198.61035,184.89999389648438,,,0,679
1,2023-07-03,54,195.73096,177.4499969482422,,,0,679
1,2023-07-04,55,195.73096,172.0,,,0,679
1,2023-07-05,56,196.44106,171.6999969482422,,,0,679
1,2023-07-06,57,196.55482,168.0500030517578,,,0,679
1,2023-07-07,58,196.8956,168.0500030517578,,,0,679
1,2023-07-08,59,196.8956,168.0500030517578,,,0,679
1,2023-07-09,60,196.8956,167.9499969482422,,,0,679
1,2023-07-10,61,193.49777,169.4499969482422,,,0,679
1,2023-07-11,62,192.40196,165.64999389648438,,,0,679
1,2023-07-12,63,190.67474,163.60000610351562,,,0,679
1,2023-07-13,64,188.38422,161.0,,,0,679
1,2023-07-14,65,185.58893,161.0,,,0,679
1,2023-07-15,66,185.58893,161.0,,,0,679
1,2023-07-16,67,185.58893,162.5,,,0,679
1,2023-07-17,68,178.41797,162.5,,,0,679
1,2023-07-18,69,177.58449,161.0500030517578,,,0,679
1,2023-07-19,70,176.76743,162.35000610351562,,,0,679
1,2023-07-20,71,176.32574,162.8000030517578,,,0,679
1,2023-07-21,72,176.05103,162.8000030517578,,,0,679
1,2023-07-22,73,176.05103,162.8000030517578,,,0,679
1,2023-07-23,74,176.05103,161.75,,,0,679
1,2023-07-24,75,175.56938,159.3000030517578,,,0,679
1,2023-07-25,76,176.32562,158.75,,,0,679
1,2023-07-26,77,177.56706,159.35000610351562,,,0,679
1,2023-07-27,78,179.37192,161.9499969482422,,,0,679
1,2023-07-28,79,180.71611,161.9499969482422,,,0,679
1,2023-07-29,80,180.71611,161.9499969482422,,,0,679
1,2023-07-30,81,180.71611,154.75,,,0,679
1,2023-07-31,82,184.3236,155.25,,,0,679
1,2023-08-01,83,185.65982,152.4499969482422,,,0,679
1,2023-08-02,84,187.49622,158.0500030517578,,,0,679
1,2023-08-03,85,188.78525,161.85000610351562,,,0,679
1,2023-08-04,86,190.1583,161.85000610351562,,,0,679
1,2023-08-05,87,190.1583,161.85000610351562,,,0,679
1,2023-08-06,88,190.1583,163.0,,,0,679
1,2023-08-07,89,194.4939,161.85000610351562,,,0,679
1,2023-08-08,90,195.22614,163.14999389648438,,,0,679
1,2023-08-09,91,196.03094,161.4499969482422,,,0,679
1,2023-08-10,92,196.06442,157.89999389648438,,,0,679
1,2023-08-11,93,194.54411,157.89999389648438,,,0,679
1,2023-08-12,94,194.54411,157.89999389648438,,,0,679
1,2023-08-13,95,194.54411,164.64999389648438,,,0,679
1,2023-08-14,96,190.30801,164.5500030517578,,,0,679
1,2023-08-15,97,189.43507,166.9499969482422,,,0,679
1,2023-08-16,98,189.20253,164.75,,,0,679
1,2023-08-17,99,188.15942,161.35000610351562,,,0,679
1,2023-08-18,100,187.02086,161.35000610351562,,,0,679
1,2023-08-19,101,187.02086,161.35000610351562,,,0,679
1,2023-08-20,102,187.02086,163.9499969482422,,,0,679
1,2023-08-21,103,184.24605,161.35000610351562,,,0,679
1,2023-08-22,104,183.26414,160.75,,,0,679
1,2023-08-23,105,183.23302,159.89999389648438,,,0,679
1,2023-08-24,106,183.58884,157.8000030517578,,,0,679
1,2023-08-25,107,183.6717,157.8000030517578,,,0,679
1,2023-08-26,108,183.6717,157.8000030517578,,,0,679
1,2023-08-27,109,183.6717,151.10000610351562,,,0,679
1,2023-08-28,110,184.068,149.25,,,0,679
1,2023-08-29,111,183.53973,148.89999389648438,,,0,679
1,2023-08-30,112,182.3855,147.0,,,0,679
1,2023-08-31,113,181.12633,147.4499969482422,,,0,679
1,2023-09-01,114,179.37344,147.4499969482422,,,0,679
1,2023-09-02,115,179.37344,147.4499969482422,,,0,679
1,2023-09-03,116,179.37344,147.5500030517578,,,0,679
1,2023-09-04,117,176.3017,146.60000610351562,,,0,679
1,2023-09-05,118,176.05737,152.9499969482422,,,0,679
1,2023-09-06,119,175.7833,153.0,,,0,679
1,2023-09-07,120,175.70741,151.75,,,0,679
1,2023-09-08,121,175.8395,151.75,,,0,679
1,2023-09-09,122,175.8395,151.75,,,0,679
1,2023-09-10,123,175.8395,151.8000030517578,,,0,679
1,2023-09-11,124,175.47641,151.35000610351562,,,0,679
1,2023-09-12,125,175.11938,153.35000610351562,,,0,679
1,2023-09-13,126,174.93098,152.6999969482422,,,0,679
1,2023-09-14,127,175.04858,150.9499969482422,,,0,679
1,2023-09-15,128,175.0374,150.9499969482422,,,0,679
1,2023-09-16,129,175.0374,150.9499969482422,,,0,679
1,2023-09-17,130,175.0374,150.9499969482422,,,0,679
1,2023-09-18,131,174.94511,151.39999389648438,,,0,679
1,2023-09-19,132,174.59048,151.75,,,0,679
1,2023-09-20,133,174.0383,147.39999389648438,,,0,679
1,2023-09-21,134,173.0567,146.25,,,0,679
1,2023-09-22,135,172.54153,146.25,,,0,679
1,2023-09-23,136,172.54153,146.25,,,0,679
1,2023-09-24,137,172.54153,151.5500030517578,,,0,679
1,2023-09-25,138,171.25745,150.6999969482422,,,0,679
1,2023-09-26,139,170.95886,151.0500030517578,,,0,679
1,2023-09-27,140,170.6967,153.10000610351562,,,0,679
1,2023-09-28,141,170.61107,158.25,,,0,679
1,2023-09-29,142,170.6562,158.25,,,0,679
1,2023-09-30,143,170.6562,158.25,,,0,679
1,2023-10-01,144,170.6562,158.6999969482422,,,0,679
1,2023-10-02,145,170.05685,167.5,,,0,679
1,2023-10-03,146,169.33832,158.1999969482422,,,0,679
1,2023-10-04,147,167.3468,154.85000610351562,,,0,679
1,2023-10-05,148,166.08545,151.14999389648438,,,0,679
1,2023-10-06,149,165.40509,151.14999389648438,,,0,679
1,2023-10-07,150,165.40509,151.14999389648438,,,0,679
1,2023-10-08,151,165.40509,148.8000030517578,,,0,679
1,2023-10-09,152,162.63065,150.85000610351562,,,0,679
1,2023-10-10,153,161.56126,149.25,,,0,679
1,2023-10-11,154,160.21523,147.1999969482422,,,0,679
1,2023-10-12,155,159.01205,146.14999389648438,,,0,679
1,2023-10-13,156,157.83667,146.14999389648438,,,0,679
1,2023-10-14,157,157.83667,146.14999389648438,,,0,679
1,2023-10-15,158,157.83667,149.10000610351562,,,0,679
1,2023-10-16,159,155.65033,148.75,,,0,679
1,2023-10-17,160,155.72536,146.35000610351562,,,0,679
1,2023-10-18,161,155.71948,145.39999389648438,,,0,679
1,2023-10-19,162,155.61728,146.0500030517578,,,0,679
1,2023-10-20,163,155.63747,146.0500030517578,,,0,679
1,2023-10-21,164,155.63747,146.0500030517578,,,0,679
1,2023-10-22,165,155.63747,146.0500030517578,,,0,679
1,2023-10-23,166,155.67848,147.5,,,0,679
1,2023-10-24,167,155.9434,147.6999969482422,,,0,679
1,2023-10-25,168,156.34932,149.3000030517578,,,0,679
1,2023-10-26,169,156.78484,154.89999389648438,,,0,679
1,2023-10-27,170,157.59642,154.89999389648438,,,0,679
1,2023-10-28,171,157.59642,154.89999389648438,,,0,679
1,2023-10-29,172,157.59642,154.14999389648438,,,0,679
1,2023-10-30,173,160.7253,157.0500030517578,,,0,679
1,2023-10-31,174,161.57642,158.0500030517578,,,0,679
1,2023-11-01,175,162.39244,163.9499969482422,,,0,679
1,2023-11-02,176,162.99385,165.25,,,0,679
1,2023-11-03,177,163.33482,165.25,,,0,679
1,2023-11-04,178,163.33482,165.25,,,0,679
1,2023-11-05,179,163.33482,165.85000610351562,,,0,679
1,2023-11-06,180,164.41827,168.14999389648438,,,0,679
1,2023-11-07,181,164.4751,162.3000030517578,,,0,679
1,2023-11-08,182,164.67699,161.1999969482422,,,0,679
1,2023-11-09,183,164.77623,160.9499969482422,,,0,679
1,2023-11-10,184,164.55473,160.9499969482422,,,0,679
1,2023-11-11,185,164.55473,160.9499969482422,,,0,679
1,2023-11-12,186,164.55473,159.10000610351562,,,0,679
1,2023-11-13,187,160.53783,167.3000030517578,,,0,679
1,2023-11-14,188,160.07002,159.8000030517578,,,0,679
1,2023-11-15,189,159.16873,165.35000610351562,,,0,679
1,2023-11-16,190,158.34775,170.89999389648438,,,0,679
1,2023-11-17,191,157.91566,170.89999389648438,,,0,679
1,2023-11-18,192,157.91566,170.89999389648438,,,0,679
1,2023-11-19,193,157.91566,173.6999969482422,,,0,679
1,2023-11-20,194,158.73563,170.75,,,0,679
1,2023-11-21,195,159.20284,174.35000610351562,,,0,679
1,2023-11-22,196,161.14839,178.8000030517578,,,0,679
1,2023-11-23,197,161.75772,174.5,,,0,679
1,2023-11-24,198,162.5303,174.5,,,0,679
1,2023-11-25,199,162.5303,174.5,,,0,679
1,2023-11-26,200,162.5303,178.64999389648438,,,0,679
1,2023-11-27,201,162.90938,176.44998168945312,,,0,679
1,2023-11-28,202,163.14844,180.8000030517578,,,0,679
1,2023-11-29,203,163.90178,176.10000610351562,,,0,679
1,2023-11-30,204,163.35596,170.9499969482422,,,0,679
1,2023-12-01,205,163.3905,170.9499969482422,,,0,679
1,2023-12-02,206,163.3905,170.9499969482422,,,0,679
1,2023-12-03,207,163.3905,177.89999389648438,,,0,679
1,2023-12-04,208,166.6153,176.54998779296875,,,0,679
1,2023-12-05,209,167.34566,178.64999389648438,,,0,679
1,2023-12-06,210,167.09218,178.64999389648438,,,0,679
1,2023-12-07,211,167.48807,178.64999389648438,,,0,679
1,2023-12-08,212,167.70663,178.64999389648438,,,0,679
1,2023-12-09,213,167.70663,178.64999389648438,,,0,679
1,2023-12-10,214,167.70663,179.6999969482422,,,0,679
1,2023-12-11,215,167.33844,183.64999389648438,,,0,679
1,2023-12-12,216,167.59593,182.09999084472656,,,0,679
1,2023-12-13,217,167.44003,195.0,,,0,679
1,2023-12-14,218,168.08012,193.89999389648438,,,0,679
1,2023-12-15,219,168.65147,193.89999389648438,,,0,679
1,2023-12-16,220,168.65147,193.89999389648438,,,0,679
1,2023-12-17,221,168.65147,188.89999389648438,,,0,679
1,2023-12-18,222,171.28957,193.85000610351562,,,0,679
1,2023-12-19,223,171.06555,185.25,,,0,679
1,2023-12-20,224,171.6354,185.5,,,0,679
1,2023-12-21,225,172.02182,185.14999389648438,,,0,679
1,2023-12-22,226,172.44797,185.14999389648438,,,0,679
1,2023-12-23,227,172.44797,185.14999389648438,,,0,679
1,2023-12-24,228,172.44797,194.0,,,0,679
1,2023-12-25,229,172.44797,191.14999389648438,,,0,679
1,2023-12-26,230,173.41325,194.64999389648438,,,0,679
1,2023-12-27,231,173.93765,200.10000610351562,,,0,679
1,2023-12-28,232,175.23666,201.8000030517578,,,0,679
1,2023-12-29,233,174.9914,201.8000030517578,,,0,679
1,2023-12-30,234,174.9914,201.8000030517578,,,0,679
1,2023-12-31,235,174.9914,209.5500030517578,,,0,679
1,2024-01-01,236,174.9914,202.3999786376953,,,0,679
1,2024-01-02,237,179.44144,190.60000610351562,,,0,679
1,2024-01-03,238,179.86284,193.59999084472656,,,0,679
1,2024-01-04,239,179.87941,192.79998779296875,,,0,679
1,2024-01-05,240,179.83383,192.79998779296875,,,0,679
1,2024-01-06,241,179.83383,192.79998779296875,,,0,679
1,2024-01-07,242,179.83383,192.79998779296875,,,0,679
1,2024-01-08,243,176.63097,194.35000610351562,,,0,679
1,2024-01-09,244,175.42711,197.74998474121094,,,0,679
1,2024-01-10,245,175.51302,197.99998474121094,,,0,679
1,2024-01-11,246,175.78432,188.3000030517578,,,0,679
1,2024-01-12,247,176.13246,188.3000030517578,,,0,679
1,2024-01-13,248,176.13246,188.3000030517578,,,0,679
1,2024-01-14,249,176.13246,188.3000030517578,,,0,679
1,2024-01-15,250,177.61902,190.14999389648438,,,0,679
1,2024-01-16,251,178.45665,186.25,,,0,679
1,2024-01-17,252,179.82928,185.5500030517578,,,0,679
1,2024-01-18,253,183.7945,182.79998779296875,,,0,679
1,2024-01-19,254,212.24248,182.79998779296875,,,0,679
1,2024-01-20,255,212.24248,182.79998779296875,,,0,679
1,2024-01-21,256,212.24248,181.3999786376953,,,0,679
1,2024-01-22,257,191.46669,184.10000610351562,,,0,679
1,2024-01-23,258,216.00427,181.1499786376953,,,0,679
1,2024-01-24,259,220.09204,184.0500030517578,,,0,679
1,2024-01-25,260,222.36345,180.0,,,0,679
1,2024-01-26,261,222.74246,180.0,,,0,679
1,2024-01-27,262,222.74246,180.0,,,0,679
1,2024-01-28,263,222.74246,180.0,,,0,679
1,2024-01-29,264,222.07246,185.25,,,0,679
1,2024-01-30,265,221.64499,179.1999969482422,,,0,679
1,2024-01-31,266,219.88374,179.9499969482422,,,0,679
1,2024-02-01,267,216.40714,185.14999389648438,,,0,679
1,2024-02-02,268,214.66234,185.14999389648438,,,0,679
1,2024-02-03,269,214.66234,185.14999389648438,,,0,679
1,2024-02-04,270,214.66234,192.24998474121094,,,0,679
1,2024-02-05,271,212.90326,192.94998168945312,,,0,679
1,2024-02-06,272,213.33081,189.4499969482422,,,0,679
1,2024-02-07,273,213.73601,186.94998168945312,,,0,679
1,2024-02-08,274,213.99272,193.85000610351562,,,0,679
1,2024-02-09,275,213.72452,193.85000610351562,,,0,679
1,2024-02-10,276,213.72452,193.85000610351562,,,0,679
1,2024-02-11,277,213.72452,189.25,,,0,679
1,2024-02-12,278,213.00516,194.0,,,0,679
1,2024-02-13,279,208.6974,194.0500030517578,,,0,679
1,2024-02-14,280,206.16704,194.1999969482422,,,0,679
1,2024-02-15,281,203.918,191.94998168945312,,,0,679
1,2024-02-16,282,201.14545,191.94998168945312,,,0,679
1,2024-02-17,283,201.14545,191.94998168945312,,,0,679
1,2024-02-18,284,201.14545,189.5,,,0,679
1,2024-02-19,285,201.61891,188.1999969482422,,,0,679
1,2024-02-20,286,204.44656,190.6999969482422,,,0,679
1,2024-02-21,287,206.5751,188.8000030517578,,,0,679
1,2024-02-22,288,208.14586,196.3000030517578,,,0,679
1,2024-02-23,289,209.89774,196.3000030517578,,,0,679
1,2024-02-24,290,209.89774,196.3000030517578,,,0,679
1,2024-02-25,291,209.89774,195.60000610351562,,,0,679
1,2024-02-26,292,216.06337,192.99998474121094,,,0,679
1,2024-02-27,293,217.65466,187.04998779296875,,,0,679
1,2024-02-28,294,218.8682,189.3000030517578,,,0,679
1,2024-02-29,295,219.29785,190.85000610351562,,,0,679
1,2024-03-01,296,218.8116,190.85000610351562,,,0,679
1,2024-03-02,297,218.8116,190.85000610351562,,,0,679
1,2024-03-03,298,218.8116,190.85000610351562,,,0,679
1,2024-03-04,299,219.38824,191.60000610351562,,,0,679
1,2024-03-05,300,219.2638,198.34999084472656,,,0,679
1,2024-03-06,301,218.93831,193.85000610351562,,,0,679
1,2024-03-07,302,219.39917,191.0,,,0,679
1,2024-03-08,303,219.20474,191.0,,,0,679
1,2024-03-09,304,219.20474,191.0,,,0,679
1,2024-03-10,305,219.20474,190.10000610351562,,,0,679
1,2024-03-11,306,220.69029,194.0500030517578,,,0,679
1,2024-03-12,307,220.79466,193.34999084472656,,,0,679
1,2024-03-13,308,220.93689,195.85000610351562,,,0,679
1,2024-03-14,309,221.29547,193.8000030517578,,,0,679
1,2024-03-15,310,220.99864,193.8000030517578,,,0,679
1,2024-03-16,311,220.99864,193.8000030517578,,,0,679
1,2024-03-17,312,220.99864,197.3999786376953,,,0,679
1,2024-03-18,313,222.53358,195.0,,,0,679
1,2024-03-19,314,222.8558,194.4499969482422,,,0,679
1,2024-03-20,315,222.85335,198.34999084472656,,,0,679
1,2024-03-21,316,224.09303,191.3999786376953,,,0,679
1,2024-03-22,317,224.94453,191.3999786376953,,,0,679
1,2024-03-23,318,224.94453,191.3999786376953,,,0,679
1,2024-03-24,319,224.94453,194.35000610351562,,,0,679
1,2024-03-25,320,224.31004,195.39999389648438,,,0,679
1,2024-03-26,321,223.06963,191.6499786376953,,,0,679
1,2024-03-27,322,221.61427,191.35000610351562,,,0,679
1,2024-03-28,323,220.61743,182.84999084472656,,,0,679
1,2024-03-29,324,219.29854,182.84999084472656,,,0,679
1,2024-03-30,325,219.29854,182.84999084472656,,,0,679
1,2024-03-31,326,219.29854,181.84999084472656,,,0,679
1,2024-04-01,327,213.30136,183.0500030517578,,,0,679
1,2024-04-02,328,211.72307,182.39999389648438,,,0,679
1,2024-04-03,329,210.0262,185.6999969482422,,,0,679
1,2024-04-04,330,208.40071,184.85000610351562,,,0,679
1,2024-04-05,331,209.33609,184.85000610351562,,,0,679
1,2024-04-06,332,209.33609,184.85000610351562,,,0,679
1,2024-04-07,333,209.33609,185.64999389648438,,,0,679
1,2024-04-08,334,211.01172,188.04998779296875,,,0,679
1,2024-04-09,335,211.48137,190.64999389648438,,,0,679
1,2024-04-10,336,211.98846,188.85000610351562,,,0,679
1,2024-04-11,337,212.58533,188.85000610351562,,,0,679
1,2024-04-12,338,212.86629,188.85000610351562,,,0,679
1,2024-04-13,339,212.86629,188.85000610351562,,,0,679
1,2024-04-14,340,212.86629,191.8000030517578,,,0,679
1,2024-04-15,341,211.0142,197.74998474121094,,,0,679
1,2024-04-16,342,210.12447,203.59999084472656,,,0,679
1,2024-04-17,343,210.1922,206.75,,,0,679
1,2024-04-18,344,210.51787,212.5,,,0,679
1,2024-04-19,345,210.91412,212.5,,,0,679
1,2024-04-20,346,210.91412,212.5,,,0,679
1,2024-04-21,347,210.91412,211.10000610351562,,,0,679
1,2024-04-22,348,212.81096,213.54998779296875,,,0,679
1,2024-04-23,349,213.12347,214.64999389648438,,,0,679
1,2024-04-24,350,212.97064,220.35000610351562,,,0,679
1,2024-04-25,351,212.88048,224.64999389648438,,,0,679
1,2024-04-26,352,212.94855,224.64999389648438,,,0,679
1,2024-04-27,353,212.94855,224.64999389648438,,,0,679
1,2024-04-28,354,212.94855,231.5500030517578,,,0,679
1,2024-04-29,355,215.26701,236.75,,,0,679
1,2024-04-30,356,216.2818,247.9499969482422,,,0,679
1,2024-05-01,357,217.16167,239.84999084472656,,,0,679
1,2024-05-02,358,217.93071,241.39999389648438,,,0,679
1,2024-05-03,359,218.26135,241.39999389648438,,,0,679
1,2024-05-04,360,218.26135,241.39999389648438,,,0,679
1,2024-05-05,361,218.26135,231.64999389648438,,,0,679
1,2024-05-06,362,219.00568,224.49998474121094,,,0,679
1,2024-05-07,363,218.93585,228.44998168945312,,,0,679
1,2024-05-08,364,218.8479,231.9499969482422,,,0,679
1,2024-05-09,365,218.53447,230.59999084472656,,,0,679
1,2024-05-10,366,217.98637,230.59999084472656,,,0,679
1,2024-05-11,367,217.98637,230.59999084472656,,,0,679
1,2024-05-12,368,217.98637,233.5500030517578,,,0,679
1,2024-05-13,369,217.55692,220.64999389648438,,,0,679
1,2024-05-14,370,216.44194,219.04998779296875,,,0,679
1,2024-05-15,371,214.89606,208.64999389648438,,,0,679
1,2024-05-16,372,213.98187,205.89999389648438,,,0,679
1,2024-05-17,373,212.7992,205.89999389648438,,,0,679
1,2024-05-18,374,212.7992,205.89999389648438,,,0,679
1,2024-05-19,375,212.7992,200.6999969482422,,,0,679
1,2024-05-20,376,212.1026,199.0,,,0,679
1,2024-05-21,377,212.23364,200.25,,,0,679
1,2024-05-22,378,212.36647,203.6999969482422,,,0,679
1,2024-05-23,379,212.3529,204.39999389648438,,,0,679
1,2024-05-24,380,212.27007,204.39999389648438,,,0,679
1,2024-05-25,381,212.27007,204.39999389648438,,,0,679
1,2024-05-26,382,212.27007,200.39999389648438,,,0,679
1,2024-05-27,383,213.39061,202.84999084472656,,,0,679
1,2024-05-28,384,214.03358,201.25,,,0,679
1,2024-05-29,385,214.39682,199.5500030517578,,,0,679
1,2024-05-30,386,214.54962,208.1499786376953,,,0,679
1,2024-05-31,387,215.19873,208.1499786376953,,,0,679
1,2024-06-01,388,215.19873,208.1499786376953,,,0,679
1,2024-06-02,389,215.19873,209.29998779296875,,,0,679
1,2024-06-03,390,217.41939,217.1999969482422,,,0,679
1,2024-06-04,391,217.91534,220.4499969482422,,,0,679
1,2024-06-05,392,218.17169,215.64999389648438,,,0,679
1,2024-06-06,393,217.81113,218.24998474121094,,,0,679
1,2024-06-07,394,217.55151,218.24998474121094,,,0,679
1,2024-06-08,395,217.55151,218.24998474121094,,,0,679
1,2024-06-09,396,217.55151,218.24998474121094,,,0,679
1,2024-06-10,397,217.33876,230.9499969482422,,,0,679
1,2024-06-11,398,217.46849,229.44998168945312,,,0,679
1,2024-06-12,399,217.78485,233.0,,,0,679
1,2024-06-13,400,218.30022,222.35000610351562,,,0,679
1,2024-06-14,401,218.83734,222.35000610351562,,,0,679
1,2024-06-15,402,218.83734,222.35000610351562,,,0,679
1,2024-06-16,403,218.83734,226.5500030517578,,,0,679
1,2024-06-17,404,220.73885,233.8999786376953,,,0,679
1,2024-06-18,405,221.50096,231.9499969482422,,,0,679
1,2024-06-19,406,222.21776,234.19998168945312,,,0,679
1,2024-06-20,407,223.21005,224.79998779296875,,,0,679
1,2024-06-21,408,224.45819,224.79998779296875,,,0,679
1,2024-06-22,409,224.45819,224.79998779296875,,,0,679
1,2024-06-23,410,224.45819,221.39999389648438,,,0,679
1,2024-06-24,411,230.9109,220.5500030517578,,,0,679
1,2024-06-25,412,231.26178,224.34999084472656,,,0,679
1,2024-06-26,413,231.26373,226.0500030517578,,,0,679
1,2024-06-27,414,230.92554,224.1499786376953,,,0,679
1,2024-06-28,415,229.70058,224.1499786376953,,,0,679
1,2024-06-29,416,229.70058,224.1499786376953,,,0,679
1,2024-06-30,417,229.70058,227.14999389648438,,,0,679
1,2024-07-01,418,223.09657,226.3000030517578,,,0,679
1,2024-07-02,419,220.28485,226.3000030517578,,,0,679
1,2024-07-03,420,219.19337,230.25,,,0,679
1,2024-07-04,421,219.19337,226.5500030517578,,,0,679
1,2024-07-05,422,219.06131,226.5500030517578,,,0,679
1,2024-07-06,423,219.06131,226.5500030517578,,,0,679
1,2024-07-07,424,219.06131,238.0,,,0,679
1,2024-07-08,425,223.32343,231.1999969482422,,,0,679
1,2024-07-09,426,225.71416,226.35000610351562,,,0,679
1,2024-07-10,427,227.6046,228.25,,,0,679
1,2024-07-11,428,226.01129,228.94998168945312,,,0,679
1,2024-07-12,429,225.47858,228.94998168945312,,,0,679
1,2024-07-13,430,225.47858,228.94998168945312,,,0,679
1,2024-07-14,431,225.47858,226.6999969482422,,,0,679
1,2024-07-15,432,224.42258,229.10000610351562,,,0,679
1,2024-07-16,433,224.54039,225.9499969482422,,,0,679
1,2024-07-17,434,224.51395,225.9499969482422,,,0,679
1,2024-07-18,435,224.55281,230.29998779296875,,,0,679
1,2024-07-19,436,224.9948,230.29998779296875,,,0,679
1,2024-07-20,437,224.9948,230.29998779296875,,,0,679
1,2024-07-21,438,224.9948,236.1999969482422,,,0,679
1,2024-07-22,439,224.86296,252.0,,,0,679
1,2024-07-23,440,225.17134,245.6999969482422,,,0,679
1,2024-07-24,441,225.03745,246.75,,,0,679
1,2024-07-25,442,224.95964,250.44998168945312,,,0,679
1,2024-07-26,443,225.62865,250.44998168945312,,,0,679
1,2024-07-27,444,225.62865,250.44998168945312,,,0,679
1,2024-07-28,445,225.62865,244.1499786376953,,,0,679
1,2024-07-29,446,227.49373,245.3999786376953,,,0,679
1,2024-07-30,447,228.30669,247.35000610351562,,,0,679
1,2024-07-31,448,228.54259,243.39999389648438,,,0,679
1,2024-08-01,449,229.02258,238.1999969482422,,,0,679
1,2024-08-02,450,229.10742,238.1999969482422,,,0,679
1,2024-08-03,451,229.10742,238.1999969482422,,,0,679
1,2024-08-04,452,229.10742,243.0500030517578,,,0,679
1,2024-08-05,453,231.8152,239.10000610351562,,,0,679
1,2024-08-06,454,232.65218,231.14999389648438,,,0,679
1,2024-08-07,455,233.18562,234.69998168945312,,,0,679
1,2024-08-08,456,233.75998,230.25,,,0,679
1,2024-08-09,457,233.83025,230.25,,,0,679
1,2024-08-10,458,233.83025,230.25,,,0,679
1,2024-08-11,459,233.83025,230.39999389648438,,,0,679
1,2024-08-12,460,234.47708,230.8000030517578,,,0,679
1,2024-08-13,461,234.87302,229.19998168945312,,,0,679
1,2024-08-14,462,235.35677,227.25,,,0,679
1,2024-08-15,463,235.40025,230.5,,,0,679
1,2024-08-16,464,235.29819,230.5,,,0,679
1,2024-08-17,465,235.29819,230.5,,,0,679
1,2024-08-18,466,235.29819,225.6999969482422,,,0,679
1,2024-08-19,467,236.8547,235.9499969482422,,,0,679
1,2024-08-20,468,236.88478,246.3000030517578,,,0,679
1,2024-08-21,469,237.38316,245.29998779296875,,,0,679
1,2024-08-22,470,237.99962,234.0500030517578,,,0,679
1,2024-08-23,471,238.91243,234.0500030517578,,,0,679
1,2024-08-24,472,238.91243,234.0500030517578,,,0,679
1,2024-08-25,473,238.91243,240.84999084472656,,,0,679
1,2024-08-26,474,242.26416,232.6999969482422,,,0,679
1,2024-08-27,475,242.61742,237.0,,,0,679
1,2024-08-28,476,241.96066,239.8999786376953,,,0,679
1,2024-08-29,477,240.19963,245.44998168945312,,,0,679
1,2024-08-30,478,237.58018,245.44998168945312,,,0,679
1,2024-08-31,479,237.58018,245.44998168945312,,,0,679
1,2024-09-01,480,237.58018,245.89999389648438,,,0,679
1,2024-09-02,481,233.07974,249.44998168945312,,,0,679
1,2024-09-03,482,233.23112,249.44998168945312,,,0,679
1,2024-09-04,483,233.31836,246.8000030517578,,,0,679
1,2024-09-05,484,233.8501,251.1999969482422,,,0,679
1,2024-09-06,485,234.92056,251.1999969482422,,,0,679
1,2024-09-07,486,234.92056,251.1999969482422,,,0,679
1,2024-09-08,487,234.92056,253.64999389648438,,,0,679
1,2024-09-09,488,237.18658,259.3999938964844,,,0,679
1,2024-09-10,489,237.91202,260.45001220703125,,,0,679
1,2024-09-11,490,237.98575,251.8000030517578,,,0,679
1,2024-09-12,491,238.45009,248.1999969482422,,,0,679
1,2024-09-13,492,238.92268,248.1999969482422,,,0,679
1,2024-09-14,493,238.92268,248.1999969482422,,,0,679
1,2024-09-15,494,238.92268,248.1999969482422,,,0,679
1,2024-09-16,495,239.05042,246.75,,,0,679
1,2024-09-17,496,239.39095,245.54998779296875,,,0,679
1,2024-09-18,497,239.3624,246.60000610351562,,,0,679
1,2024-09-19,498,239.47083,240.04998779296875,,,0,679
1,2024-09-20,499,239.38487,240.04998779296875,,,0,679
1,2024-09-21,500,239.38487,240.04998779296875,,,0,679
1,2024-09-22,501,239.38487,249.44998168945312,,,0,679
1,2024-09-23,502,239.0035,248.0,,,0,679
1,2024-09-24,503,238.38887,249.44998168945312,,,0,679
1,2024-09-25,504,237.67938,252.0,,,0,679
1,2024-09-26,505,237.36916,262.04998779296875,,,0,679
1,2024-09-27,506,236.78453,262.04998779296875,,,0,679
1,2024-09-28,507,236.78453,262.04998779296875,,,0,679
1,2024-09-29,508,236.78453,259.04998779296875,,,0,679
1,2024-09-30,509,236.35158,265.0,,,0,679
1,2024-10-01,510,236.22292,263.1499938964844,,,0,679
1,2024-10-02,511,235.97208,261.6499938964844,,,0,679
1,2024-10-03,512,235.77022,250.74998474121094,,,0,679
1,2024-10-04,513,235.99974,250.74998474121094,,,0,679
1,2024-10-05,514,235.99974,250.74998474121094,,,0,679
1,2024-10-06,515,235.99974,263.6499938964844,,,0,679
1,2024-10-07,516,235.43825,267.79998779296875,,,0,679
1,2024-10-08,517,235.80737,269.1000061035156,,,0,679
1,2024-10-09,518,235.79965,273.8999938964844,,,0,679
1,2024-10-10,519,235.44724,269.1499938964844,,,0,679
1,2024-10-11,520,234.91313,,,,0,679
1,2024-10-12,521,234.91313,269.1499938964844,,,0,679
1,2024-10-13,522,234.91313,269.1499938964844,,,0,679
1,2024-10-14,523,235.65486,270.25,,,0,679
1,2024-10-15,524,235.51805,264.1499938964844,,,0,679
1,2024-10-16,525,235.74149,256.5,,,0,679
1,2024-10-17,526,235.45555,252.0500030517578,,,0,679
1,2024-10-18,527,234.88948,257.3500061035156,,,0,679
1,2024-10-19,528,234.88948,257.3500061035156,,,0,679
1,2024-10-20,529,234.88948,257.3500061035156,,,0,679
1,2024-10-21,530,231.42622,244.6499786376953,,,0,679
1,2024-10-22,531,229.87183,248.1999969482422,,,0,679
1,2024-10-23,532,228.20897,250.04998779296875,,,0,679
1,2024-10-24,533,226.61615,254.75,,,0,679
1,2024-10-25,534,225.49246,252.0500030517578,,,0,679
1,2024-10-26,535,225.49246,252.0500030517578,,,0,679
1,2024-10-27,536,225.49246,262.04998779296875,,,0,679
1,2024-10-28,537,222.77406,256.70001220703125,,,0,679
1,2024-10-29,538,222.27058,258.0,,,0,679
1,2024-10-30,539,221.5475,255.1499786376953,,,0,679
1,2024-10-31,540,220.73952,257.29998779296875,,,0,679
1,2024-11-01,541,220.39267,257.29998779296875,,,0,679
1,2024-11-02,542,220.39267,257.29998779296875,,,0,679
1,2024-11-03,543,220.39267,251.6999969482422,,,0,679
1,2024-11-04,544,220.12093,249.85000610351562,,,0,679
1,2024-11-05,545,220.18082,252.35000610351562,,,0,679
1,2024-11-06,546,220.08519,245.44998168945312,,,0,679
1,2024-11-07,547,219.88939,248.39999389648438,,,0,679
1,2024-11-08,548,219.61185,248.39999389648438,,,0,679
1,2024-11-09,549,219.61185,248.39999389648438,,,0,679
1,2024-11-10,550,219.61185,252.35000610351562,,,0,679
1,2024-11-11,551,220.59851,248.10000610351562,,,0,679
1,2024-11-12,552,220.70874,249.60000610351562,,,0,679
1,2024-11-13,553,220.87938,245.89999389648438,,,0,679
1,2024-11-14,554,220.99576,242.9499969482422,,,0,679
1,2024-11-15,555,221.05055,242.9499969482422,,,0,679
1,2024-11-16,556,221.05055,242.9499969482422,,,0,679
1,2024-11-17,557,221.05055,245.9499969482422,,,0,679
1,2024-11-18,558,220.69313,250.1499786376953,,,0,679
1,2024-11-19,559,220.98796,248.75,,,0,679
1,2024-11-20,560,221.37401,260.3999938964844,,,0,679
1,2024-11-21,561,221.95009,253.35000610351562,,,0,679
1,2024-11-22,562,222.62201,253.35000610351562,,,0,679
1,2024-11-23,563,222.62201,253.35000610351562,,,0,679
1,2024-11-24,564,222.62201,256.20001220703125,,,0,679
1,2024-11-25,565,227.21895,263.54998779296875,,,0,679
1,2024-11-26,566,229.1374,271.6499938964844,,,0,679
1,2024-11-27,567,231.03983,278.95001220703125,,,0,679
1,2024-11-28,568,233.42711,281.79998779296875,,,0,679
1,2024-11-29,569,236.24852,281.79998779296875,,,0,679
1,2024-11-30,570,236.24852,281.79998779296875,,,0,679
1,2024-12-01,571,236.24852,280.75,,,0,679
1,2024-12-02,572,255.44405,279.75,,,0,679
1,2024-12-03,573,254.6624,295.29998779296875,,,0,679
1,2024-12-04,574,254.39342,,,,0,679
1,2024-12-05,575,254.44975,,,,0,679
1,2024-12-06,576,254.25337,298.6499938964844,,,0,679
1,2024-12-07,577,254.25337,305.25,,,0,679
1,2024-12-08,578,254.25337,305.25,,,0,679
1,2024-12-09,579,251.71213,305.25,,,0,679
1,2024-12-10,580,252.75919,308.3500061035156,,,0,679
1,2024-12-11,581,253.99355,312.1499938964844,,,0,679
1,2024-12-12,582,255.01253,326.1499938964844,,,0,679
1,2024-12-13,583,255.75047,326.1499938964844,,,0,679
1,2024-12-14,584,255.75047,321.6499938964844,,,0,679
1,2024-12-15,585,255.75047,321.6499938964844,,,0,679
1,2024-12-16,586,258.14197,321.6499938964844,,,0,679
1,2024-12-17,587,258.96167,299.20001220703125,,,0,679
1,2024-12-18,588,259.59473,297.70001220703125,,,0,679
1,2024-12-19,589,260.51505,332.5,,,0,679
1,2024-12-20,590,260.85828,332.5,,,0,679
1,2024-12-21,591,260.85828,332.5,,,0,679
1,2024-12-22,592,260.85828,332.29998779296875,,,0,679
1,2024-12-23,593,263.0464,335.6499938964844,,,0,679
1,2024-12-24,594,263.53506,321.70001220703125,,,0,679
1,2024-12-25,595,263.53506,322.6000061035156,,,0,679
1,2024-12-26,596,262.36194,320.8500061035156,,,0,679
1,2024-12-27,597,262.45294,320.8500061035156,,,0,679
1,2024-12-28,598,262.45294,320.8500061035156,,,0,679
1,2024-12-29,599,262.45294,328.75,,,0,679
1,2024-12-30,600,263.7829,325.45001220703125,,,0,679
1,2024-12-31,601,263.86325,333.1499938964844,,,0,679
1,2025-01-01,602,263.86325,323.75,,,0,679
1,2025-01-02,603,263.32312,325.0,,,0,679
1,2025-01-03,604,263.54816,325.0,,,0,679
1,2025-01-04,605,263.54816,325.0,,,0,679
1,2025-01-05,606,263.54816,327.25,,,0,679
1,2025-01-06,607,264.826,328.6000061035156,,,0,679
1,2025-01-07,608,264.3115,328.6000061035156,,,0,679
1,2025-01-08,609,264.46802,324.6499938964844,,,0,679
1,2025-01-09,610,263.60724,322.6499938964844,,,0,679
1,2025-01-10,611,263.94336,322.6499938964844,,,0,679
1,2025-01-11,612,263.94336,322.6499938964844,,,0,679
1,2025-01-12,613,263.94336,321.0,,,0,679
1,2025-01-13,614,265.86493,319.75,,,0,679
1,2025-01-14,615,266.2941,319.75,,,0,679
1,2025-01-15,616,266.71536,326.8500061035156,,,0,679
1,2025-01-16,617,266.0362,318.6499938964844,,,0,679
1,2025-01-17,618,264.95306,318.6499938964844,,,0,679
1,2025-01-18,619,264.95306,318.6499938964844,,,0,679
1,2025-01-19,620,264.95306,318.6000061035156,,,0,679
1,2025-01-20,621,263.66974,320.5,,,0,679
1,2025-01-21,622,264.55573,316.45001220703125,,,0,679
1,2025-01-22,623,264.55124,318.5,,,0,679
1,2025-01-23,624,264.52414,323.8500061035156,,,0,679
1,2025-01-24,625,264.33398,323.8500061035156,,,0,679
1,2025-01-25,626,264.33398,323.8500061035156,,,0,679
1,2025-01-26,627,264.33398,325.95001220703125,,,0,679
1,2025-01-27,628,265.55005,321.95001220703125,,,0,679
1,2025-01-28,629,266.18774,330.45001220703125,,,0,679
1,2025-01-29,630,266.3479,327.1499938964844,,,0,679
1,2025-01-30,631,266.31915,328.3500061035156,,,0,679
1,2025-01-31,632,266.335,328.3500061035156,,,0,679
1,2025-02-01,633,266.335,328.3500061035156,,,0,679
1,2025-02-02,634,266.335,328.3500061035156,,,0,679
1,2025-02-03,635,266.4697,327.79998779296875,,,0,679
1,2025-02-04,636,268.31714,341.8500061035156,,,0,679
1,2025-02-05,637,268.76395,343.9499816894531,,,0,679
1,2025-02-06,638,269.16568,347.54998779296875,,,0,679
1,2025-02-07,639,269.4698,347.54998779296875,,,0,679
1,2025-02-08,640,269.4698,347.54998779296875,,,0,679
1,2025-02-09,641,269.4698,349.20001220703125,,,0,679
1,2025-02-10,642,270.11353,357.5,,,0,679
1,2025-02-11,643,270.53677,366.54998779296875,,,0,679
1,2025-02-12,644,271.12955,373.39996337890625,,,0,679
1,2025-02-13,645,271.7462,377.8500061035156,,,0,679
1,2025-02-14,646,272.73785,,,,0,679
1,2025-02-15,647,272.73785,377.8500061035156,,,0,679
1,2025-02-16,648,272.73785,377.8500061035156,,,0,679
1,2025-02-17,649,274.6868,380.8999938964844,,,0,679
1,2025-02-18,650,275.32034,383.3500061035156,,,0,679
1,2025-02-19,651,275.7027,397.75,,,0,679
1,2025-02-20,652,276.27356,403.95001220703125,,,0,679
1,2025-02-21,653,276.7782,404.3500061035156,,,0,679
1,2025-02-22,654,276.7782,404.3500061035156,,,0,679
1,2025-02-23,655,276.7782,404.3500061035156,,,0,679
1,2025-02-24,656,277.29703,429.04998779296875,,,0,679
1,2025-02-25,657,278.13116,413.45001220703125,,,0,679
1,2025-02-26,658,278.3838,431.79998779296875,,,0,679
1,2025-02-27,659,278.8525,438.89996337890625,,,0,679
1,2025-02-28,660,279.47183,419.75,,,0,679
1,2025-03-01,661,279.47183,419.75,,,0,679
1,2025-03-02,662,279.47183,419.75,,,0,679
1,2025-03-03,663,281.47614,419.0,,,0,679
1,2025-03-04,664,280.5799,417.89996337890625,,,0,679
1,2025-03-05,665,280.61505,395.7499694824219,,,0,679
1,2025-03-06,666,280.73962,400.0,,,0,679
1,2025-03-07,667,280.92944,400.0,,,0,679
1,2025-03-08,668,280.92944,400.0,,,0,679
1,2025-03-09,669,280.92944,393.7999572753906,,,0,679
1,2025-03-10,670,281.54785,380.5,,,0,679
1,2025-03-11,671,281.77585,379.45001220703125,,,0,679
1,2025-03-12,672,281.38718,378.75,,,0,679
1,2025-03-13,673,280.9198,379.04998779296875,,,0,679
1,2025-03-14,674,280.506,379.04998779296875,,,0,679
1,2025-03-15,675,280.506,379.04998779296875,,,0,679
1,2025-03-16,676,280.506,392.70001220703125,,,0,679
1,2025-03-17,677,279.01248,403.75,,,0,679
1,2025-03-18,678,278.3486,415.4999694824219,,,0,679
1,2025-03-19,679,277.61105,393.0,,,0,679
