window_id,date,step,prediction,actual,start_idx,end_idx
1,2023-05-11,1,189.85,189.85000610351562,0,679
1,2023-05-12,2,190.46829,189.85000610351562,0,679
1,2023-05-13,3,190.46829,189.85000610351562,0,679
1,2023-05-14,4,190.46829,189.25,0,679
1,2023-05-15,5,191.41965,190.64999389648438,0,679
1,2023-05-16,6,191.61348,189.1999969482422,0,679
1,2023-05-17,7,191.8835,186.3999786376953,0,679
1,2023-05-18,8,192.18495,191.0,0,679
1,2023-05-19,9,191.97246,191.0,0,679
1,2023-05-20,10,191.97246,191.0,0,679
1,2023-05-21,11,191.97246,186.8999786376953,0,679
1,2023-05-22,12,191.75047,188.0,0,679
1,2023-05-23,13,191.30956,187.44998168945312,0,679
1,2023-05-24,14,190.78455,185.8000030517578,0,679
1,2023-05-25,15,190.837,186.0,0,679
1,2023-05-26,16,191.02267,186.0,0,679
1,2023-05-27,17,191.02267,186.0,0,679
1,2023-05-28,18,191.02267,193.04998779296875,0,679
1,2023-05-29,19,190.6273,190.35000610351562,0,679
1,2023-05-30,20,190.7406,189.85000610351562,0,679
1,2023-05-31,21,191.0483,190.4499969482422,0,679
1,2023-06-01,22,191.6498,191.99998474121094,0,679
1,2023-06-02,23,192.07637,191.99998474121094,0,679
1,2023-06-03,24,192.07637,191.99998474121094,0,679
1,2023-06-04,25,192.07637,189.1999969482422,0,679
1,2023-06-05,26,193.17708,187.44998168945312,0,679
1,2023-06-06,27,193.10728,188.0,0,679
1,2023-06-07,28,193.06798,182.6999969482422,0,679
1,2023-06-08,29,192.70178,181.60000610351562,0,679
1,2023-06-09,30,192.14896,181.60000610351562,0,679
1,2023-06-10,31,192.14896,181.60000610351562,0,679
1,2023-06-11,32,192.14896,181.60000610351562,0,679
1,2023-06-12,33,189.83939,177.09999084472656,0,679
1,2023-06-13,34,188.95811,178.64999389648438,0,679
1,2023-06-14,35,187.74796,183.0500030517578,0,679
1,2023-06-15,36,186.65617,180.3000030517578,0,679
1,2023-06-16,37,185.2432,180.3000030517578,0,679
1,2023-06-17,38,185.2432,180.3000030517578,0,679
1,2023-06-18,39,185.2432,183.09999084472656,0,679
1,2023-06-19,40,181.98637,182.59999084472656,0,679
1,2023-06-20,41,180.49344,185.39999389648438,0,679
1,2023-06-21,42,178.99605,194.85000610351562,0,679
1,2023-06-22,43,177.7566,190.64999389648438,0,679
1,2023-06-23,44,176.95087,190.64999389648438,0,679
1,2023-06-24,45,176.95087,190.64999389648438,0,679
1,2023-06-25,46,176.95087,185.5500030517578,0,679
1,2023-06-26,47,174.90231,182.75,0,679
1,2023-06-27,48,174.15636,184.39999389648438,0,679
1,2023-06-28,49,173.67976,186.99998474121094,0,679
1,2023-06-29,50,173.13611,184.89999389648438,0,679
1,2023-06-30,51,173.01086,184.89999389648438,0,679
1,2023-07-01,52,173.01086,184.89999389648438,0,679
1,2023-07-02,53,173.01086,184.89999389648438,0,679
1,2023-07-03,54,173.04837,177.4499969482422,0,679
1,2023-07-04,55,173.04837,172.0,0,679
1,2023-07-05,56,173.1199,171.6999969482422,0,679
1,2023-07-06,57,173.06656,168.0500030517578,0,679
1,2023-07-07,58,173.03911,168.0500030517578,0,679
1,2023-07-08,59,173.03911,168.0500030517578,0,679
1,2023-07-09,60,173.03911,167.9499969482422,0,679
1,2023-07-10,61,171.59491,169.4499969482422,0,679
1,2023-07-11,62,171.18723,165.64999389648438,0,679
1,2023-07-12,63,170.72502,163.60000610351562,0,679
1,2023-07-13,64,170.24513,161.0,0,679
1,2023-07-14,65,169.7535,161.0,0,679
1,2023-07-15,66,169.7535,161.0,0,679
1,2023-07-16,67,169.7535,162.5,0,679
1,2023-07-17,68,167.70593,162.5,0,679
1,2023-07-18,69,166.48715,161.0500030517578,0,679
1,2023-07-19,70,165.49806,162.35000610351562,0,679
1,2023-07-20,71,164.53156,162.8000030517578,0,679
1,2023-07-21,72,163.45776,162.8000030517578,0,679
1,2023-07-22,73,163.45776,162.8000030517578,0,679
1,2023-07-23,74,163.45776,161.75,0,679
1,2023-07-24,75,160.4306,159.3000030517578,0,679
1,2023-07-25,76,159.73077,158.75,0,679
1,2023-07-26,77,159.1203,159.35000610351562,0,679
1,2023-07-27,78,158.48804,161.9499969482422,0,679
1,2023-07-28,79,158.24475,161.9499969482422,0,679
1,2023-07-29,80,158.24475,161.9499969482422,0,679
1,2023-07-30,81,158.24475,154.75,0,679
1,2023-07-31,82,157.71309,155.25,0,679
1,2023-08-01,83,157.47185,152.4499969482422,0,679
1,2023-08-02,84,157.28755,158.0500030517578,0,679
1,2023-08-03,85,156.96509,161.85000610351562,0,679
1,2023-08-04,86,156.46701,161.85000610351562,0,679
1,2023-08-05,87,156.46701,161.85000610351562,0,679
1,2023-08-06,88,156.46701,163.0,0,679
1,2023-08-07,89,155.46336,161.85000610351562,0,679
1,2023-08-08,90,155.02913,163.14999389648438,0,679
1,2023-08-09,91,154.65968,161.4499969482422,0,679
1,2023-08-10,92,154.0554,157.89999389648438,0,679
1,2023-08-11,93,153.03166,157.89999389648438,0,679
1,2023-08-12,94,153.03166,157.89999389648438,0,679
1,2023-08-13,95,153.03166,164.64999389648438,0,679
1,2023-08-14,96,150.96184,164.5500030517578,0,679
1,2023-08-15,97,150.65686,166.9499969482422,0,679
1,2023-08-16,98,150.55074,164.75,0,679
1,2023-08-17,99,150.35497,161.35000610351562,0,679
1,2023-08-18,100,150.10663,161.35000610351562,0,679
1,2023-08-19,101,150.10663,161.35000610351562,0,679
1,2023-08-20,102,150.10663,163.9499969482422,0,679
1,2023-08-21,103,149.83575,161.35000610351562,0,679
1,2023-08-22,104,149.77385,160.75,0,679
1,2023-08-23,105,150.19633,159.89999389648438,0,679
1,2023-08-24,106,150.72177,157.8000030517578,0,679
1,2023-08-25,107,151.09644,157.8000030517578,0,679
1,2023-08-26,108,151.09644,157.8000030517578,0,679
1,2023-08-27,109,151.09644,151.10000610351562,0,679
1,2023-08-28,110,152.12788,149.25,0,679
1,2023-08-29,111,152.1136,148.89999389648438,0,679
1,2023-08-30,112,151.9553,147.0,0,679
1,2023-08-31,113,151.7621,147.4499969482422,0,679
1,2023-09-01,114,151.51299,147.4499969482422,0,679
1,2023-09-02,115,151.51299,147.4499969482422,0,679
1,2023-09-03,116,151.51299,147.5500030517578,0,679
1,2023-09-04,117,150.97171,146.60000610351562,0,679
1,2023-09-05,118,150.67227,152.9499969482422,0,679
1,2023-09-06,119,150.34734,153.0,0,679
1,2023-09-07,120,150.00755,151.75,0,679
1,2023-09-08,121,149.61327,151.75,0,679
1,2023-09-09,122,149.61327,151.75,0,679
1,2023-09-10,123,149.61327,151.8000030517578,0,679
1,2023-09-11,124,148.15993,151.35000610351562,0,679
1,2023-09-12,125,147.69548,153.35000610351562,0,679
1,2023-09-13,126,147.40413,152.6999969482422,0,679
1,2023-09-14,127,147.16315,150.9499969482422,0,679
1,2023-09-15,128,146.90096,150.9499969482422,0,679
1,2023-09-16,129,146.90096,150.9499969482422,0,679
1,2023-09-17,130,146.90096,150.9499969482422,0,679
1,2023-09-18,131,145.62228,151.39999389648438,0,679
1,2023-09-19,132,145.85252,151.75,0,679
1,2023-09-20,133,145.94434,147.39999389648438,0,679
1,2023-09-21,134,146.10081,146.25,0,679
1,2023-09-22,135,145.61037,146.25,0,679
1,2023-09-23,136,145.61037,146.25,0,679
1,2023-09-24,137,145.61037,151.5500030517578,0,679
1,2023-09-25,138,143.21704,150.6999969482422,0,679
1,2023-09-26,139,142.48366,151.0500030517578,0,679
1,2023-09-27,140,141.92934,153.10000610351562,0,679
1,2023-09-28,141,141.28265,158.25,0,679
1,2023-09-29,142,140.88794,158.25,0,679
1,2023-09-30,143,140.88794,158.25,0,679
1,2023-10-01,144,140.88794,158.6999969482422,0,679
1,2023-10-02,145,140.67627,167.5,0,679
1,2023-10-03,146,140.28468,158.1999969482422,0,679
1,2023-10-04,147,140.06653,154.85000610351562,0,679
1,2023-10-05,148,139.73201,151.14999389648438,0,679
1,2023-10-06,149,139.52415,151.14999389648438,0,679
1,2023-10-07,150,139.52415,151.14999389648438,0,679
1,2023-10-08,151,139.52415,148.8000030517578,0,679
1,2023-10-09,152,139.1139,150.85000610351562,0,679
1,2023-10-10,153,138.68362,149.25,0,679
1,2023-10-11,154,138.44905,147.1999969482422,0,679
1,2023-10-12,155,138.23427,146.14999389648438,0,679
1,2023-10-13,156,138.04927,146.14999389648438,0,679
1,2023-10-14,157,138.04927,146.14999389648438,0,679
1,2023-10-15,158,138.04927,149.10000610351562,0,679
1,2023-10-16,159,137.68942,148.75,0,679
1,2023-10-17,160,137.9717,146.35000610351562,0,679
1,2023-10-18,161,138.19377,145.39999389648438,0,679
1,2023-10-19,162,138.39052,146.0500030517578,0,679
1,2023-10-20,163,138.63011,146.0500030517578,0,679
1,2023-10-21,164,138.63011,146.0500030517578,0,679
1,2023-10-22,165,138.63011,146.0500030517578,0,679
1,2023-10-23,166,139.27206,147.5,0,679
1,2023-10-24,167,139.61111,147.6999969482422,0,679
1,2023-10-25,168,139.89525,149.3000030517578,0,679
1,2023-10-26,169,139.92009,154.89999389648438,0,679
1,2023-10-27,170,140.15326,154.89999389648438,0,679
1,2023-10-28,171,140.15326,154.89999389648438,0,679
1,2023-10-29,172,140.15326,154.14999389648438,0,679
1,2023-10-30,173,141.54063,157.0500030517578,0,679
1,2023-10-31,174,142.13237,158.0500030517578,0,679
1,2023-11-01,175,142.851,163.9499969482422,0,679
1,2023-11-02,176,143.58481,165.25,0,679
1,2023-11-03,177,144.47859,165.25,0,679
1,2023-11-04,178,144.47859,165.25,0,679
1,2023-11-05,179,144.47859,165.85000610351562,0,679
1,2023-11-06,180,146.2673,168.14999389648438,0,679
1,2023-11-07,181,146.8632,162.3000030517578,0,679
1,2023-11-08,182,147.43517,161.1999969482422,0,679
1,2023-11-09,183,147.96848,160.9499969482422,0,679
1,2023-11-10,184,148.78725,160.9499969482422,0,679
1,2023-11-11,185,148.78725,160.9499969482422,0,679
1,2023-11-12,186,148.78725,159.10000610351562,0,679
1,2023-11-13,187,150.86232,167.3000030517578,0,679
1,2023-11-14,188,151.17313,159.8000030517578,0,679
1,2023-11-15,189,151.48209,165.35000610351562,0,679
1,2023-11-16,190,151.70827,170.89999389648438,0,679
1,2023-11-17,191,151.81422,170.89999389648438,0,679
1,2023-11-18,192,151.81422,170.89999389648438,0,679
1,2023-11-19,193,151.81422,173.6999969482422,0,679
1,2023-11-20,194,152.00655,170.75,0,679
1,2023-11-21,195,152.23488,174.35000610351562,0,679
1,2023-11-22,196,152.37207,178.8000030517578,0,679
1,2023-11-23,197,153.1389,174.5,0,679
1,2023-11-24,198,154.07619,174.5,0,679
1,2023-11-25,199,154.07619,174.5,0,679
1,2023-11-26,200,154.07619,178.64999389648438,0,679
1,2023-11-27,201,157.36887,176.44998168945312,0,679
1,2023-11-28,202,158.47458,180.8000030517578,0,679
1,2023-11-29,203,159.53938,176.10000610351562,0,679
1,2023-11-30,204,160.59941,170.9499969482422,0,679
1,2023-12-01,205,161.8034,170.9499969482422,0,679
1,2023-12-02,206,161.8034,170.9499969482422,0,679
1,2023-12-03,207,161.8034,177.89999389648438,0,679
1,2023-12-04,208,164.51479,176.54998779296875,0,679
1,2023-12-05,209,165.10045,178.64999389648438,0,679
1,2023-12-06,210,165.71172,178.64999389648438,0,679
1,2023-12-07,211,166.48032,178.64999389648438,0,679
1,2023-12-08,212,167.23691,178.64999389648438,0,679
1,2023-12-09,213,167.23691,178.64999389648438,0,679
1,2023-12-10,214,167.23691,179.6999969482422,0,679
1,2023-12-11,215,169.39554,183.64999389648438,0,679
1,2023-12-12,216,170.102,182.09999084472656,0,679
1,2023-12-13,217,170.78363,195.0,0,679
1,2023-12-14,218,171.50269,193.89999389648438,0,679
1,2023-12-15,219,172.14029,193.89999389648438,0,679
1,2023-12-16,220,172.14029,193.89999389648438,0,679
1,2023-12-17,221,172.14029,188.89999389648438,0,679
1,2023-12-18,222,173.87997,193.85000610351562,0,679
1,2023-12-19,223,174.6069,185.25,0,679
1,2023-12-20,224,175.2192,185.5,0,679
1,2023-12-21,225,175.7944,185.14999389648438,0,679
1,2023-12-22,226,176.13445,185.14999389648438,0,679
1,2023-12-23,227,176.13445,185.14999389648438,0,679
1,2023-12-24,228,176.13445,194.0,0,679
1,2023-12-25,229,176.13445,191.14999389648438,0,679
1,2023-12-26,230,177.53328,194.64999389648438,0,679
1,2023-12-27,231,177.88005,200.10000610351562,0,679
1,2023-12-28,232,178.64366,201.8000030517578,0,679
1,2023-12-29,233,179.49306,201.8000030517578,0,679
1,2023-12-30,234,179.49306,201.8000030517578,0,679
1,2023-12-31,235,179.49306,209.5500030517578,0,679
1,2024-01-01,236,179.49306,202.3999786376953,0,679
1,2024-01-02,237,183.23532,190.60000610351562,0,679
1,2024-01-03,238,183.91092,193.59999084472656,0,679
1,2024-01-04,239,185.09851,192.79998779296875,0,679
1,2024-01-05,240,185.82954,192.79998779296875,0,679
1,2024-01-06,241,185.82954,192.79998779296875,0,679
1,2024-01-07,242,185.82954,192.79998779296875,0,679
1,2024-01-08,243,186.91621,194.35000610351562,0,679
1,2024-01-09,244,186.95917,197.74998474121094,0,679
1,2024-01-10,245,187.23058,197.99998474121094,0,679
1,2024-01-11,246,187.34512,188.3000030517578,0,679
1,2024-01-12,247,187.30927,188.3000030517578,0,679
1,2024-01-13,248,187.30927,188.3000030517578,0,679
1,2024-01-14,249,187.30927,188.3000030517578,0,679
1,2024-01-15,250,187.81122,190.14999389648438,0,679
1,2024-01-16,251,187.7611,186.25,0,679
1,2024-01-17,252,187.76814,185.5500030517578,0,679
1,2024-01-18,253,187.59999,182.79998779296875,0,679
1,2024-01-19,254,187.62285,182.79998779296875,0,679
1,2024-01-20,255,187.62285,182.79998779296875,0,679
1,2024-01-21,256,187.62285,181.3999786376953,0,679
1,2024-01-22,257,187.96413,184.10000610351562,0,679
1,2024-01-23,258,187.6634,181.1499786376953,0,679
1,2024-01-24,259,187.42097,184.0500030517578,0,679
1,2024-01-25,260,187.01216,180.0,0,679
1,2024-01-26,261,186.57756,180.0,0,679
1,2024-01-27,262,186.57756,180.0,0,679
1,2024-01-28,263,186.57756,180.0,0,679
1,2024-01-29,264,185.18346,185.25,0,679
1,2024-01-30,265,184.60338,179.1999969482422,0,679
1,2024-01-31,266,183.8071,179.9499969482422,0,679
1,2024-02-01,267,183.11018,185.14999389648438,0,679
1,2024-02-02,268,182.0892,185.14999389648438,0,679
1,2024-02-03,269,182.0892,185.14999389648438,0,679
1,2024-02-04,270,182.0892,192.24998474121094,0,679
1,2024-02-05,271,180.44792,192.94998168945312,0,679
1,2024-02-06,272,180.46951,189.4499969482422,0,679
1,2024-02-07,273,180.40085,186.94998168945312,0,679
1,2024-02-08,274,180.82623,193.85000610351562,0,679
1,2024-02-09,275,181.2064,193.85000610351562,0,679
1,2024-02-10,276,181.2064,193.85000610351562,0,679
1,2024-02-11,277,181.2064,189.25,0,679
1,2024-02-12,278,182.4971,194.0,0,679
1,2024-02-13,279,182.40369,194.0500030517578,0,679
1,2024-02-14,280,182.55267,194.1999969482422,0,679
1,2024-02-15,281,182.51234,191.94998168945312,0,679
1,2024-02-16,282,182.19667,191.94998168945312,0,679
1,2024-02-17,283,182.19667,191.94998168945312,0,679
1,2024-02-18,284,182.19667,189.5,0,679
1,2024-02-19,285,181.00781,188.1999969482422,0,679
1,2024-02-20,286,180.29324,190.6999969482422,0,679
1,2024-02-21,287,180.10738,188.8000030517578,0,679
1,2024-02-22,288,180.50906,196.3000030517578,0,679
1,2024-02-23,289,180.66016,196.3000030517578,0,679
1,2024-02-24,290,180.66016,196.3000030517578,0,679
1,2024-02-25,291,180.66016,195.60000610351562,0,679
1,2024-02-26,292,181.3588,192.99998474121094,0,679
1,2024-02-27,293,181.48549,187.04998779296875,0,679
1,2024-02-28,294,181.45515,189.3000030517578,0,679
1,2024-02-29,295,181.29735,190.85000610351562,0,679
1,2024-03-01,296,181.14775,190.85000610351562,0,679
1,2024-03-02,297,181.14775,190.85000610351562,0,679
1,2024-03-03,298,181.14775,190.85000610351562,0,679
1,2024-03-04,299,182.19427,191.60000610351562,0,679
1,2024-03-05,300,182.42757,198.34999084472656,0,679
1,2024-03-06,301,182.68369,193.85000610351562,0,679
1,2024-03-07,302,183.07884,191.0,0,679
1,2024-03-08,303,183.45215,191.0,0,679
1,2024-03-09,304,183.45215,191.0,0,679
1,2024-03-10,305,183.45215,190.10000610351562,0,679
1,2024-03-11,306,184.80003,194.0500030517578,0,679
1,2024-03-12,307,185.14017,193.34999084472656,0,679
1,2024-03-13,308,185.40775,195.85000610351562,0,679
1,2024-03-14,309,185.77994,193.8000030517578,0,679
1,2024-03-15,310,186.03511,193.8000030517578,0,679
1,2024-03-16,311,186.03511,193.8000030517578,0,679
1,2024-03-17,312,186.03511,197.3999786376953,0,679
1,2024-03-18,313,187.3389,195.0,0,679
1,2024-03-19,314,187.73279,194.4499969482422,0,679
1,2024-03-20,315,188.03339,198.34999084472656,0,679
1,2024-03-21,316,188.71571,191.3999786376953,0,679
1,2024-03-22,317,189.20988,191.3999786376953,0,679
1,2024-03-23,318,189.20988,191.3999786376953,0,679
1,2024-03-24,319,189.20988,194.35000610351562,0,679
1,2024-03-25,320,189.593,195.39999389648438,0,679
1,2024-03-26,321,189.24689,191.6499786376953,0,679
1,2024-03-27,322,188.9714,191.35000610351562,0,679
1,2024-03-28,323,189.00572,182.84999084472656,0,679
1,2024-03-29,324,189.10793,182.84999084472656,0,679
1,2024-03-30,325,189.10793,182.84999084472656,0,679
1,2024-03-31,326,189.10793,181.84999084472656,0,679
1,2024-04-01,327,188.47902,183.0500030517578,0,679
1,2024-04-02,328,188.57812,182.39999389648438,0,679
1,2024-04-03,329,188.47823,185.6999969482422,0,679
1,2024-04-04,330,188.4906,184.85000610351562,0,679
1,2024-04-05,331,188.55252,184.85000610351562,0,679
1,2024-04-06,332,188.55252,184.85000610351562,0,679
1,2024-04-07,333,188.55252,185.64999389648438,0,679
1,2024-04-08,334,189.1277,188.04998779296875,0,679
1,2024-04-09,335,189.43169,190.64999389648438,0,679
1,2024-04-10,336,189.76482,188.85000610351562,0,679
1,2024-04-11,337,190.01448,188.85000610351562,0,679
1,2024-04-12,338,190.342,188.85000610351562,0,679
1,2024-04-13,339,190.342,188.85000610351562,0,679
1,2024-04-14,340,190.342,191.8000030517578,0,679
1,2024-04-15,341,190.67766,197.74998474121094,0,679
1,2024-04-16,342,191.11865,203.59999084472656,0,679
1,2024-04-17,343,191.71358,206.75,0,679
1,2024-04-18,344,192.75357,212.5,0,679
1,2024-04-19,345,193.59042,212.5,0,679
1,2024-04-20,346,193.59042,212.5,0,679
1,2024-04-21,347,193.59042,211.10000610351562,0,679
1,2024-04-22,348,196.2694,213.54998779296875,0,679
1,2024-04-23,349,197.12198,214.64999389648438,0,679
1,2024-04-24,350,197.87149,220.35000610351562,0,679
1,2024-04-25,351,198.39465,224.64999389648438,0,679
1,2024-04-26,352,199.21156,224.64999389648438,0,679
1,2024-04-27,353,199.21156,224.64999389648438,0,679
1,2024-04-28,354,199.21156,231.5500030517578,0,679
1,2024-04-29,355,202.04056,236.75,0,679
1,2024-04-30,356,202.97818,247.9499969482422,0,679
1,2024-05-01,357,203.67973,239.84999084472656,0,679
1,2024-05-02,358,204.37318,241.39999389648438,0,679
1,2024-05-03,359,204.86003,241.39999389648438,0,679
1,2024-05-04,360,204.86003,241.39999389648438,0,679
1,2024-05-05,361,204.86003,231.64999389648438,0,679
1,2024-05-06,362,207.01645,224.49998474121094,0,679
1,2024-05-07,363,207.41747,228.44998168945312,0,679
1,2024-05-08,364,207.95728,231.9499969482422,0,679
1,2024-05-09,365,208.43176,230.59999084472656,0,679
1,2024-05-10,366,208.68733,230.59999084472656,0,679
1,2024-05-11,367,208.68733,230.59999084472656,0,679
1,2024-05-12,368,208.68733,233.5500030517578,0,679
1,2024-05-13,369,210.70656,220.64999389648438,0,679
1,2024-05-14,370,211.12698,219.04998779296875,0,679
1,2024-05-15,371,211.48502,208.64999389648438,0,679
1,2024-05-16,372,212.01819,205.89999389648438,0,679
1,2024-05-17,373,212.3921,205.89999389648438,0,679
1,2024-05-18,374,212.3921,205.89999389648438,0,679
1,2024-05-19,375,212.3921,200.6999969482422,0,679
1,2024-05-20,376,213.76701,199.0,0,679
1,2024-05-21,377,213.99323,200.25,0,679
1,2024-05-22,378,214.06342,203.6999969482422,0,679
1,2024-05-23,379,214.00172,204.39999389648438,0,679
1,2024-05-24,380,213.78012,204.39999389648438,0,679
1,2024-05-25,381,213.78012,204.39999389648438,0,679
1,2024-05-26,382,213.78012,200.39999389648438,0,679
1,2024-05-27,383,213.13626,202.84999084472656,0,679
1,2024-05-28,384,212.9052,201.25,0,679
1,2024-05-29,385,212.52597,199.5500030517578,0,679
1,2024-05-30,386,212.04146,208.1499786376953,0,679
1,2024-05-31,387,211.67892,208.1499786376953,0,679
1,2024-06-01,388,211.67892,208.1499786376953,0,679
1,2024-06-02,389,211.67892,209.29998779296875,0,679
1,2024-06-03,390,210.79997,217.1999969482422,0,679
1,2024-06-04,391,210.45854,220.4499969482422,0,679
1,2024-06-05,392,210.01367,215.64999389648438,0,679
1,2024-06-06,393,209.48985,218.24998474121094,0,679
1,2024-06-07,394,209.00096,218.24998474121094,0,679
1,2024-06-08,395,209.00096,218.24998474121094,0,679
1,2024-06-09,396,209.00096,218.24998474121094,0,679
1,2024-06-10,397,207.64873,230.9499969482422,0,679
1,2024-06-11,398,207.49254,229.44998168945312,0,679
1,2024-06-12,399,207.29321,233.0,0,679
1,2024-06-13,400,207.13258,222.35000610351562,0,679
1,2024-06-14,401,206.8496,222.35000610351562,0,679
1,2024-06-15,402,206.8496,222.35000610351562,0,679
1,2024-06-16,403,206.8496,226.5500030517578,0,679
1,2024-06-17,404,205.67465,233.8999786376953,0,679
1,2024-06-18,405,205.10107,231.9499969482422,0,679
1,2024-06-19,406,204.42085,234.19998168945312,0,679
1,2024-06-20,407,203.53769,224.79998779296875,0,679
1,2024-06-21,408,203.01427,224.79998779296875,0,679
1,2024-06-22,409,203.01427,224.79998779296875,0,679
1,2024-06-23,410,203.01427,221.39999389648438,0,679
1,2024-06-24,411,200.87611,220.5500030517578,0,679
1,2024-06-25,412,200.35489,224.34999084472656,0,679
1,2024-06-26,413,199.9687,226.0500030517578,0,679
1,2024-06-27,414,199.40419,224.1499786376953,0,679
1,2024-06-28,415,198.71968,224.1499786376953,0,679
1,2024-06-29,416,198.71968,224.1499786376953,0,679
1,2024-06-30,417,198.71968,227.14999389648438,0,679
1,2024-07-01,418,197.1667,226.3000030517578,0,679
1,2024-07-02,419,196.6866,226.3000030517578,0,679
1,2024-07-03,420,196.90459,230.25,0,679
1,2024-07-04,421,196.90459,226.5500030517578,0,679
1,2024-07-05,422,198.15515,226.5500030517578,0,679
1,2024-07-06,423,198.15515,226.5500030517578,0,679
1,2024-07-07,424,198.15515,238.0,0,679
1,2024-07-08,425,201.00264,231.1999969482422,0,679
1,2024-07-09,426,202.05724,226.35000610351562,0,679
1,2024-07-10,427,203.14554,228.25,0,679
1,2024-07-11,428,204.29938,228.94998168945312,0,679
1,2024-07-12,429,205.2607,228.94998168945312,0,679
1,2024-07-13,430,205.2607,228.94998168945312,0,679
1,2024-07-14,431,205.2607,226.6999969482422,0,679
1,2024-07-15,432,207.70915,229.10000610351562,0,679
1,2024-07-16,433,208.57846,225.9499969482422,0,679
1,2024-07-17,434,209.38489,225.9499969482422,0,679
1,2024-07-18,435,210.26044,230.29998779296875,0,679
1,2024-07-19,436,211.09431,230.29998779296875,0,679
1,2024-07-20,437,211.09431,230.29998779296875,0,679
1,2024-07-21,438,211.09431,236.1999969482422,0,679
1,2024-07-22,439,212.68985,252.0,0,679
1,2024-07-23,440,213.26387,245.6999969482422,0,679
1,2024-07-24,441,213.59398,246.75,0,679
1,2024-07-25,442,214.08951,250.44998168945312,0,679
1,2024-07-26,443,214.8208,250.44998168945312,0,679
1,2024-07-27,444,214.8208,250.44998168945312,0,679
1,2024-07-28,445,214.8208,244.1499786376953,0,679
1,2024-07-29,446,216.86613,245.3999786376953,0,679
1,2024-07-30,447,217.51022,247.35000610351562,0,679
1,2024-07-31,448,217.79745,243.39999389648438,0,679
1,2024-08-01,449,218.30934,238.1999969482422,0,679
1,2024-08-02,450,218.61682,238.1999969482422,0,679
1,2024-08-03,451,218.61682,238.1999969482422,0,679
1,2024-08-04,452,218.61682,243.0500030517578,0,679
1,2024-08-05,453,220.21828,239.10000610351562,0,679
1,2024-08-06,454,220.58627,231.14999389648438,0,679
1,2024-08-07,455,220.71881,234.69998168945312,0,679
1,2024-08-08,456,220.89323,230.25,0,679
1,2024-08-09,457,220.99762,230.25,0,679
1,2024-08-10,458,220.99762,230.25,0,679
1,2024-08-11,459,220.99762,230.39999389648438,0,679
1,2024-08-12,460,222.19914,230.8000030517578,0,679
1,2024-08-13,461,222.74287,229.19998168945312,0,679
1,2024-08-14,462,223.19873,227.25,0,679
1,2024-08-15,463,223.52214,230.5,0,679
1,2024-08-16,464,223.83315,230.5,0,679
1,2024-08-17,465,223.83315,230.5,0,679
1,2024-08-18,466,223.83315,225.6999969482422,0,679
1,2024-08-19,467,225.21877,235.9499969482422,0,679
1,2024-08-20,468,225.41617,246.3000030517578,0,679
1,2024-08-21,469,225.75732,245.29998779296875,0,679
1,2024-08-22,470,226.11555,234.0500030517578,0,679
1,2024-08-23,471,226.43916,234.0500030517578,0,679
1,2024-08-24,472,226.43916,234.0500030517578,0,679
1,2024-08-25,473,226.43916,240.84999084472656,0,679
1,2024-08-26,474,227.30687,232.6999969482422,0,679
1,2024-08-27,475,227.0885,237.0,0,679
1,2024-08-28,476,227.15384,239.8999786376953,0,679
1,2024-08-29,477,227.3631,245.44998168945312,0,679
1,2024-08-30,478,227.50568,245.44998168945312,0,679
1,2024-08-31,479,227.50568,245.44998168945312,0,679
1,2024-09-01,480,227.50568,245.89999389648438,0,679
1,2024-09-02,481,227.62918,249.44998168945312,0,679
1,2024-09-03,482,227.7692,249.44998168945312,0,679
1,2024-09-04,483,227.95901,246.8000030517578,0,679
1,2024-09-05,484,228.27936,251.1999969482422,0,679
1,2024-09-06,485,228.73647,251.1999969482422,0,679
1,2024-09-07,486,228.73647,251.1999969482422,0,679
1,2024-09-08,487,228.73647,253.64999389648438,0,679
1,2024-09-09,488,229.21155,259.3999938964844,0,679
1,2024-09-10,489,229.0234,260.45001220703125,0,679
1,2024-09-11,490,228.44162,251.8000030517578,0,679
1,2024-09-12,491,228.18613,248.1999969482422,0,679
1,2024-09-13,492,227.91815,248.1999969482422,0,679
1,2024-09-14,493,227.91815,248.1999969482422,0,679
1,2024-09-15,494,227.91815,248.1999969482422,0,679
1,2024-09-16,495,226.7388,246.75,0,679
1,2024-09-17,496,226.39029,245.54998779296875,0,679
1,2024-09-18,497,225.92273,246.60000610351562,0,679
1,2024-09-19,498,225.32248,240.04998779296875,0,679
1,2024-09-20,499,224.74646,240.04998779296875,0,679
1,2024-09-21,500,224.74646,240.04998779296875,0,679
1,2024-09-22,501,224.74646,249.44998168945312,0,679
1,2024-09-23,502,223.07556,248.0,0,679
1,2024-09-24,503,222.33762,249.44998168945312,0,679
1,2024-09-25,504,221.73964,252.0,0,679
1,2024-09-26,505,221.37656,262.04998779296875,0,679
1,2024-09-27,506,220.98141,262.04998779296875,0,679
1,2024-09-28,507,220.98141,262.04998779296875,0,679
1,2024-09-29,508,220.98141,259.04998779296875,0,679
1,2024-09-30,509,220.77208,265.0,0,679
1,2024-10-01,510,220.80894,263.1499938964844,0,679
1,2024-10-02,511,220.89104,261.6499938964844,0,679
1,2024-10-03,512,221.0525,250.74998474121094,0,679
1,2024-10-04,513,221.20201,250.74998474121094,0,679
1,2024-10-05,514,221.20201,250.74998474121094,0,679
1,2024-10-06,515,221.20201,263.6499938964844,0,679
1,2024-10-07,516,221.1723,267.79998779296875,0,679
1,2024-10-08,517,221.29306,269.1000061035156,0,679
1,2024-10-09,518,221.07104,273.8999938964844,0,679
1,2024-10-10,519,220.54204,269.1499938964844,0,679
1,2024-10-11,520,220.11703,,0,679
1,2024-10-12,521,220.11703,269.1499938964844,0,679
1,2024-10-13,522,220.11703,269.1499938964844,0,679
1,2024-10-14,523,220.12328,270.25,0,679
1,2024-10-15,524,219.86247,264.1499938964844,0,679
1,2024-10-16,525,219.87325,256.5,0,679
1,2024-10-17,526,219.65004,252.0500030517578,0,679
1,2024-10-18,527,219.29057,257.3500061035156,0,679
1,2024-10-19,528,219.29057,257.3500061035156,0,679
1,2024-10-20,529,219.29057,257.3500061035156,0,679
1,2024-10-21,530,217.848,244.6499786376953,0,679
1,2024-10-22,531,217.35098,248.1999969482422,0,679
1,2024-10-23,532,216.7749,250.04998779296875,0,679
1,2024-10-24,533,216.31435,254.75,0,679
1,2024-10-25,534,215.97662,252.0500030517578,0,679
1,2024-10-26,535,215.97662,252.0500030517578,0,679
1,2024-10-27,536,215.97662,262.04998779296875,0,679
1,2024-10-28,537,215.10234,256.70001220703125,0,679
1,2024-10-29,538,214.917,258.0,0,679
1,2024-10-30,539,214.69772,255.1499786376953,0,679
1,2024-10-31,540,214.64629,257.29998779296875,0,679
1,2024-11-01,541,215.01782,257.29998779296875,0,679
1,2024-11-02,542,215.01782,257.29998779296875,0,679
1,2024-11-03,543,215.01782,251.6999969482422,0,679
1,2024-11-04,544,216.97696,249.85000610351562,0,679
1,2024-11-05,545,217.6333,252.35000610351562,0,679
1,2024-11-06,546,218.32773,245.44998168945312,0,679
1,2024-11-07,547,219.02583,248.39999389648438,0,679
1,2024-11-08,548,219.67828,248.39999389648438,0,679
1,2024-11-09,549,219.67828,248.39999389648438,0,679
1,2024-11-10,550,219.67828,252.35000610351562,0,679
1,2024-11-11,551,222.22783,248.10000610351562,0,679
1,2024-11-12,552,222.79698,249.60000610351562,0,679
1,2024-11-13,553,223.40065,245.89999389648438,0,679
1,2024-11-14,554,223.90677,242.9499969482422,0,679
1,2024-11-15,555,224.29057,242.9499969482422,0,679
1,2024-11-16,556,224.29057,242.9499969482422,0,679
1,2024-11-17,557,224.29057,245.9499969482422,0,679
1,2024-11-18,558,224.87924,250.1499786376953,0,679
1,2024-11-19,559,225.2875,248.75,0,679
1,2024-11-20,560,225.67197,260.3999938964844,0,679
1,2024-11-21,561,226.20186,253.35000610351562,0,679
1,2024-11-22,562,226.83081,253.35000610351562,0,679
1,2024-11-23,563,226.83081,253.35000610351562,0,679
1,2024-11-24,564,226.83081,256.20001220703125,0,679
1,2024-11-25,565,229.69371,263.54998779296875,0,679
1,2024-11-26,566,230.59389,271.6499938964844,0,679
1,2024-11-27,567,231.48856,278.95001220703125,0,679
1,2024-11-28,568,232.47046,281.79998779296875,0,679
1,2024-11-29,569,233.47232,281.79998779296875,0,679
1,2024-11-30,570,233.47232,281.79998779296875,0,679
1,2024-12-01,571,233.47232,280.75,0,679
1,2024-12-02,572,236.42805,279.75,0,679
1,2024-12-03,573,237.09323,295.29998779296875,0,679
1,2024-12-04,574,237.6405,,0,679
1,2024-12-05,575,238.46915,,0,679
1,2024-12-06,576,239.39572,298.6499938964844,0,679
1,2024-12-07,577,239.39572,305.25,0,679
1,2024-12-08,578,239.39572,305.25,0,679
1,2024-12-09,579,241.94435,305.25,0,679
1,2024-12-10,580,243.19989,308.3500061035156,0,679
1,2024-12-11,581,244.32352,312.1499938964844,0,679
1,2024-12-12,582,245.30627,326.1499938964844,0,679
1,2024-12-13,583,246.1206,326.1499938964844,0,679
1,2024-12-14,584,246.1206,321.6499938964844,0,679
1,2024-12-15,585,246.1206,321.6499938964844,0,679
1,2024-12-16,586,248.24316,321.6499938964844,0,679
1,2024-12-17,587,248.93454,299.20001220703125,0,679
1,2024-12-18,588,249.5614,297.70001220703125,0,679
1,2024-12-19,589,250.30579,332.5,0,679
1,2024-12-20,590,250.9769,332.5,0,679
1,2024-12-21,591,250.9769,332.5,0,679
1,2024-12-22,592,250.9769,332.29998779296875,0,679
1,2024-12-23,593,253.25113,335.6499938964844,0,679
1,2024-12-24,594,254.11478,321.70001220703125,0,679
1,2024-12-25,595,254.11478,322.6000061035156,0,679
1,2024-12-26,596,255.79227,320.8500061035156,0,679
1,2024-12-27,597,256.5818,320.8500061035156,0,679
1,2024-12-28,598,256.5818,320.8500061035156,0,679
1,2024-12-29,599,256.5818,328.75,0,679
1,2024-12-30,600,258.9378,325.45001220703125,0,679
1,2024-12-31,601,259.82898,333.1499938964844,0,679
1,2025-01-01,602,259.82898,323.75,0,679
1,2025-01-02,603,261.65625,325.0,0,679
1,2025-01-03,604,262.66284,325.0,0,679
1,2025-01-04,605,262.66284,325.0,0,679
1,2025-01-05,606,262.66284,327.25,0,679
1,2025-01-06,607,265.30164,328.6000061035156,0,679
1,2025-01-07,608,265.77087,328.6000061035156,0,679
1,2025-01-08,609,266.37207,324.6499938964844,0,679
1,2025-01-09,610,266.65146,322.6499938964844,0,679
1,2025-01-10,611,267.18665,322.6499938964844,0,679
1,2025-01-11,612,267.18665,322.6499938964844,0,679
1,2025-01-12,613,267.18665,321.0,0,679
1,2025-01-13,614,268.66907,319.75,0,679
1,2025-01-14,615,268.88828,319.75,0,679
1,2025-01-15,616,268.94717,326.8500061035156,0,679
1,2025-01-16,617,268.90652,318.6499938964844,0,679
1,2025-01-17,618,268.85034,318.6499938964844,0,679
1,2025-01-18,619,268.85034,318.6499938964844,0,679
1,2025-01-19,620,268.85034,318.6000061035156,0,679
1,2025-01-20,621,269.28824,320.5,0,679
1,2025-01-21,622,269.60718,316.45001220703125,0,679
1,2025-01-22,623,269.61746,318.5,0,679
1,2025-01-23,624,269.65988,323.8500061035156,0,679
1,2025-01-24,625,269.68658,323.8500061035156,0,679
1,2025-01-25,626,269.68658,323.8500061035156,0,679
1,2025-01-26,627,269.68658,325.95001220703125,0,679
1,2025-01-27,628,270.0535,321.95001220703125,0,679
1,2025-01-28,629,270.1705,330.45001220703125,0,679
1,2025-01-29,630,270.12164,327.1499938964844,0,679
1,2025-01-30,631,270.0839,328.3500061035156,0,679
1,2025-01-31,632,270.145,328.3500061035156,0,679
1,2025-02-01,633,270.145,328.3500061035156,0,679
1,2025-02-02,634,270.145,328.3500061035156,0,679
1,2025-02-03,635,271.02563,327.79998779296875,0,679
1,2025-02-04,636,271.58292,341.8500061035156,0,679
1,2025-02-05,637,271.64066,343.9499816894531,0,679
1,2025-02-06,638,271.62943,347.54998779296875,0,679
1,2025-02-07,639,271.58884,347.54998779296875,0,679
1,2025-02-08,640,271.58884,347.54998779296875,0,679
1,2025-02-09,641,271.58884,349.20001220703125,0,679
1,2025-02-10,642,272.02893,357.5,0,679
1,2025-02-11,643,272.41928,366.54998779296875,0,679
1,2025-02-12,644,272.8195,373.39996337890625,0,679
1,2025-02-13,645,273.1743,377.8500061035156,0,679
1,2025-02-14,646,273.50076,,0,679
1,2025-02-15,647,273.50076,377.8500061035156,0,679
1,2025-02-16,648,273.50076,377.8500061035156,0,679
1,2025-02-17,649,273.72583,380.8999938964844,0,679
1,2025-02-18,650,273.8985,383.3500061035156,0,679
1,2025-02-19,651,273.99557,397.75,0,679
1,2025-02-20,652,274.12735,403.95001220703125,0,679
1,2025-02-21,653,274.2878,404.3500061035156,0,679
1,2025-02-22,654,274.2878,404.3500061035156,0,679
1,2025-02-23,655,274.2878,404.3500061035156,0,679
1,2025-02-24,656,274.54315,429.04998779296875,0,679
1,2025-02-25,657,274.72052,413.45001220703125,0,679
1,2025-02-26,658,274.9356,431.79998779296875,0,679
1,2025-02-27,659,275.1726,438.89996337890625,0,679
1,2025-02-28,660,275.34833,419.75,0,679
1,2025-03-01,661,275.34833,419.75,0,679
1,2025-03-02,662,275.34833,419.75,0,679
1,2025-03-03,663,275.7311,419.0,0,679
1,2025-03-04,664,275.55804,417.89996337890625,0,679
1,2025-03-05,665,275.67487,395.7499694824219,0,679
1,2025-03-06,666,275.7446,400.0,0,679
1,2025-03-07,667,275.77374,400.0,0,679
1,2025-03-08,668,275.77374,400.0,0,679
1,2025-03-09,669,275.77374,393.7999572753906,0,679
1,2025-03-10,670,275.56897,380.5,0,679
1,2025-03-11,671,275.43338,379.45001220703125,0,679
1,2025-03-12,672,275.12744,378.75,0,679
1,2025-03-13,673,274.86612,379.04998779296875,0,679
1,2025-03-14,674,274.6476,379.04998779296875,0,679
1,2025-03-15,675,274.6476,379.04998779296875,0,679
1,2025-03-16,676,274.6476,392.70001220703125,0,679
1,2025-03-17,677,273.9864,403.75,0,679
1,2025-03-18,678,273.80298,415.4999694824219,0,679
1,2025-03-19,679,273.59015,393.0,0,679
